model,method,k,iter,stdev,reg,lr,metadata,w_year,w_kw,t_quantil,damage_classes,distorted,PZ,PNZ,region_costs,combined,m(AE),M(AE),P(AE<200),P(AE<300),P(AE<400),P(AE<400),m(RE),M(RE),P(RE<0.10),P(RE<0.20),P(RE<0.30),P(RE<0.40),P(RE<0.50),rejected
C-CLASS,mcmc,40,1600,0.2,0,0,,0,0,0.5,none,FALSE,0,0,FALSE,FALSE,1659.31356602187,1238.17,0.0870479394449117,0.127417998317914,0.166526492851135,0.206476030277544,0.445764303901497,0.28863742875068,0.185029436501262,0.362489486963835,0.513877207737595,0.636248948696383,0.715727502102607,0
