model,method,k,iter,stdev,reg,lr,metadata,w_year,w_kw,t_quantil,damage_classes,distorted,PZ,PNZ,region_costs,combined,m(AE),M(AE),P(AE<200),P(AE<300),P(AE<400),P(AE<400),m(RE),M(RE),P(RE<0.10),P(RE<0.20),P(RE<0.30),P(RE<0.40),P(RE<0.50),rejected
PASSAT,mcmc,40,1600,0.2,0,0,,0,0,0.5,none,FALSE,0,0,FALSE,FALSE,1150.84276315789,817.37,0.118421052631579,0.188157894736842,0.248245614035088,0.321052631578947,0.421496995584924,0.262892070138527,0.200877192982456,0.406140350877193,0.549122807017544,0.663157894736842,0.74780701754386,0
