model,method,k,iter,stdev,reg,lr,metadata,w_year,w_kw,t_quantil,damage_classes,distorted,PZ,PNZ,region_costs,combined,m(AE),M(AE),P(AE<200),P(AE<300),P(AE<400),P(AE<400),m(RE),M(RE),P(RE<0.10),P(RE<0.20),P(RE<0.30),P(RE<0.40),P(RE<0.50),rejected
POLO,mcmc,40,1600,0.2,0,0,,0,0,0.5,none,FALSE,0,0,FALSE,FALSE,906.709308880309,692.735,0.148262548262548,0.219305019305019,0.29034749034749,0.36023166023166,0.413857516608926,0.277854574559598,0.197297297297297,0.388030888030888,0.527799227799228,0.654054054054054,0.73050193050193,0
