model,method,k,iter,stdev,reg,lr,metadata,w_year,w_kw,t_quantil,damage_classes,distorted,PZ,PNZ,region_costs,combined,m(AE),M(AE),P(AE<200),P(AE<300),P(AE<400),P(AE<400),m(RE),M(RE),P(RE<0.10),P(RE<0.20),P(RE<0.30),P(RE<0.40),P(RE<0.50),rejected
ASTRA,mcmc,40,1600,0.2,0,0,,0,0,0.5,none,FALSE,0,0,FALSE,FALSE,1087.79259065094,763.11,0.142857142857143,0.210135430318917,0.282219309742246,0.346876365224989,0.436784130784046,0.272068556515141,0.196155526430756,0.390563564875491,0.544779379641765,0.661424202708606,0.739624290083006,0
