model,method,k,iter,stdev,reg,lr,metadata,w_year,w_kw,t_quantil,damage_classes,distorted,PZ,PNZ,region_costs,combined,m(AE),M(AE),P(AE<200),P(AE<300),P(AE<400),P(AE<400),m(RE),M(RE),P(RE<0.10),P(RE<0.20),P(RE<0.30),P(RE<0.40),P(RE<0.50),rejected
SERIES 3,mcmc,40,1600,0.2,0,0,,0,0,0.5,none,FALSE,0,0,FALSE,FALSE,1454.79182689515,1035.06,0.11850130699971,0.160325297705489,0.203601510310775,0.254719721173395,0.436704842444956,0.281266063602592,0.202439732791171,0.371478361893697,0.526866105140866,0.649433633459193,0.729015393552135,0
